<?xml version="1.0" encoding="utf-8"?>
<openerp>
    <data noupdate="1">
        <record id="npp_default_auto_make_stock_operation_value" model="ir.values">
            <field name="name">auto_make_stock_operation</field>
            <field name="model">mrp.config.settings</field>
            <field name="value">True</field>
            <field name="key">default</field>
        </record>

        <record id="npp_default_auto_make_procurement_value" model="ir.values">
            <field name="name">auto_make_procurement</field>
            <field name="model">mrp.config.settings</field>
            <field name="value">False</field>
            <field name="key">default</field>
        </record>
    </data>
    <data>

        <record id="npp_mrp_config_settings_view_inherit" model="ir.ui.view">
            <field name="name">npp.mrp.config.settings.view.inherit</field>
            <field name="model">mrp.config.settings</field>
            <field name="inherit_id" ref="mrp.view_mrp_config"/>
            <field name="arch" type="xml">
                <xpath expr="//field[@name='module_mrp_operations']" position="after">

                    <field name="auto_make_stock_operation" />
                    <field name="auto_make_procurement"
                           attrs="{'readonly':[('auto_make_stock_operation', '=', False)]}" />
                </xpath>
            </field>

        </record>
    </data>
</openerp>